Model,MAE,RMSE,MAPE (%)
1D-CNN(1D Convolutional Neural Network),3183.569219,4154.250915,8.891139807
SimpleRNN(Recurrent Neural Network),3369.594907,4327.157649,8.619144827
GRU(Gated Recurrent Unit),5702.563414,7149.398343,14.50260033
LSTM(Long Short-Term Memory),5756.965194,7392.431192,14.34792013
Transformer,15466.961,19126.83764,40.81087535
